{"cameraMode":{"drawMode":0,"name":"Shaded","section":"Shading Mode"},"sceneLighting":true,"audioPlay":false,"sceneViewState":{"showFog":true,"showMaterialUpdate":true,"showSkybox":true,"showFlares":true,"showImageEffects":true,"showParticleSystems":true},"in2DMode":false,"pivot":{"x":0.44499897956848147,"y":42.30406188964844,"z":43.3735466003418},"rotation":{"x":-0.10798431187868118,"y":0.8427243828773499,"z":-0.49421828985214236,"w":-0.18412858247756959},"size":14.888812065124512,"orthographic":false}